origem,lon_o,lat_o,lon_d,lat_d
Brasilia-DF -> Sao Paulo-SP,-47.8825,-15.7942,-46.6333,-23.5505
Rio de Janeiro-RJ -> Belo Horizonte-MG,-43.1729,-22.9068,-43.9378,-19.9208
Porto Alegre-RS -> Curitiba-PR,-51.2300,-30.0346,-49.2733,-25.4284
Salvador-BA -> Recife-PE,-38.5014,-12.9777,-34.8770,-8.0476
Manaus-AM -> Boa Vista-RR,-60.0250,-3.1190,-60.6753,2.8238
Belem-PA -> Sao Luis-MA,-48.5044,-1.4558,-44.3028,-2.5307
Goiania-GO -> Cuiaba-MT,-49.2648,-16.6869,-56.0949,-15.6014
Fortaleza-CE -> Teresina-PI,-38.5267,-3.7319,-42.8019,-5.0892
Florianopolis-SC -> Joinville-SC,-48.5480,-27.5949,-48.8487,-26.3045
Campo Grande-MS -> Dourados-MS,-54.6464,-20.4697,-54.8120,-22.2211
